date,clones_total,clones_unique,views_total,views_unique
2026-06-08,0,0,0,0
2026-06-09,0,0,0,0
2026-06-10,0,0,0,0
2026-06-11,26,16,2,1
2026-06-12,183,43,2,1
2026-06-13,0,0,0,0
2026-06-14,3,2,0,0
2026-06-15,3,3,1,1
2026-06-16,147,12,0,0
2026-06-17,68,26,5,1
2026-06-18,4,4,0,0
2026-06-19,7,1,1,1
2026-06-20,0,0,0,0
2026-06-21,0,0,0,0
2026-06-22,89,28,2,1
2026-06-23,3,3,0,0
2026-06-24,3,3,0,0
2026-06-25,0,0,1,1
2026-06-26,2,2,0,0
2026-06-27,1,1,1,1
2026-06-28,7,2,0,0
2026-06-29,1,1,1,1
2026-06-30,3,3,0,0
2026-07-01,9,2,0,0
2026-07-02,0,0,0,0
2026-07-03,0,0,0,0
2026-07-04,0,0,0,0
